timestamp_utc,timestamp_hkt,station_name,latitude,longitude,wind_speed_kmh,wind_gust_kmh,data_url,official_signal_hko,data_source
2025-09-08T01:55:47.183685+00:00,2025-09-08T09:55:47+08:00,Central Pier,22.2888889,114.1558333,27.0,51.0,https://data.weather.gov.hk/weatherAPI/hko_data/csdi/dataset/latest_10min_wind_csdi_0.csv,8,collector_20250908_filtered
2025-09-08T01:55:47.183685+00:00,2025-09-08T09:55:47+08:00,Chek Lap Kok,22.3094444,113.9219444,37.0,54.0,https://data.weather.gov.hk/weatherAPI/hko_data/csdi/dataset/latest_10min_wind_csdi_1.csv,8,collector_20250908_filtered
2025-09-08T02:02:04.424458+00:00,2025-09-08T10:02:04+08:00,Central Pier,22.2888889,114.1558333,9.0,9.0,https://data.weather.gov.hk/weatherAPI/hko_data/csdi/dataset/latest_10min_wind_csdi_0.csv,8,collector_20250908_filtered
2025-09-08T02:02:04.424458+00:00,2025-09-08T10:02:04+08:00,Chek Lap Kok,22.3094444,113.9219444,9.0,9.0,https://data.weather.gov.hk/weatherAPI/hko_data/csdi/dataset/latest_10min_wind_csdi_1.csv,8,collector_20250908_filtered
2025-09-08T02:02:04.424458+00:00,2025-09-08T10:02:04+08:00,Cheung Chau,22.2011111,114.0266667,9.0,9.0,https://data.weather.gov.hk/weatherAPI/hko_data/csdi/dataset/latest_10min_wind_csdi_2.csv,8,collector_20250908_filtered
2025-09-08T02:02:04.424458+00:00,2025-09-08T10:02:04+08:00,Cheung Chau Beach,22.2108333,114.0291667,9.0,9.0,https://data.weather.gov.hk/weatherAPI/hko_data/csdi/dataset/latest_10min_wind_csdi_3.csv,8,collector_20250908_filtered
2025-09-08T02:02:04.424458+00:00,2025-09-08T10:02:04+08:00,Green Island,22.285,114.1127778,9.0,9.0,https://data.weather.gov.hk/weatherAPI/hko_data/csdi/dataset/latest_10min_wind_csdi_4.csv,8,collector_20250908_filtered
2025-09-08T02:02:04.424458+00:00,2025-09-08T10:02:04+08:00,Hong Kong Sea School,22.2183,114.21429,9.0,9.0,https://data.weather.gov.hk/weatherAPI/hko_data/csdi/dataset/latest_10min_wind_csdi_5.csv,8,collector_20250908_filtered
2025-09-08T02:02:04.424458+00:00,2025-09-08T10:02:04+08:00,Kai Tak,22.3097222,114.2133333,9.0,9.0,https://data.weather.gov.hk/weatherAPI/hko_data/csdi/dataset/latest_10min_wind_csdi_6.csv,8,collector_20250908_filtered
2025-09-08T02:02:04.424458+00:00,2025-09-08T10:02:04+08:00,King's Park,22.3119444,114.1727778,9.0,9.0,https://data.weather.gov.hk/weatherAPI/hko_data/csdi/dataset/latest_10min_wind_csdi_7.csv,8,collector_20250908_filtered
2025-09-08T02:02:04.424458+00:00,2025-09-08T10:02:04+08:00,Lamma Island,22.2261111,114.1086111,9.0,9.0,https://data.weather.gov.hk/weatherAPI/hko_data/csdi/dataset/latest_10min_wind_csdi_8.csv,8,collector_20250908_filtered
2025-09-08T02:02:04.424458+00:00,2025-09-08T10:02:04+08:00,Lau Fau Shan,22.4688889,113.9836111,9.0,9.0,https://data.weather.gov.hk/weatherAPI/hko_data/csdi/dataset/latest_10min_wind_csdi_9.csv,8,collector_20250908_filtered
2025-09-08T02:02:04.424458+00:00,2025-09-08T10:02:04+08:00,Ngong Ping,22.2586111,113.9127778,9.0,9.0,https://data.weather.gov.hk/weatherAPI/hko_data/csdi/dataset/latest_10min_wind_csdi_10.csv,8,collector_20250908_filtered
2025-09-08T02:02:04.424458+00:00,2025-09-08T10:02:04+08:00,North Point,22.294444,114.199722,9.0,9.0,https://data.weather.gov.hk/weatherAPI/hko_data/csdi/dataset/latest_10min_wind_csdi_11.csv,8,collector_20250908_filtered
2025-09-08T02:02:04.424458+00:00,2025-09-08T10:02:04+08:00,Peng Chau,22.2911111,114.0433333,9.0,9.0,https://data.weather.gov.hk/weatherAPI/hko_data/csdi/dataset/latest_10min_wind_csdi_12.csv,8,collector_20250908_filtered
2025-09-08T02:02:04.424458+00:00,2025-09-08T10:02:04+08:00,Sai Kung,22.3755556,114.2744444,9.0,9.0,https://data.weather.gov.hk/weatherAPI/hko_data/csdi/dataset/latest_10min_wind_csdi_13.csv,8,collector_20250908_filtered
2025-09-08T02:02:04.424458+00:00,2025-09-08T10:02:04+08:00,Sha Chau,22.3458333,113.8911111,9.0,9.0,https://data.weather.gov.hk/weatherAPI/hko_data/csdi/dataset/latest_10min_wind_csdi_14.csv,8,collector_20250908_filtered
2025-09-08T02:02:04.424458+00:00,2025-09-08T10:02:04+08:00,Sha Tin,22.4025,114.21,9.0,9.0,https://data.weather.gov.hk/weatherAPI/hko_data/csdi/dataset/latest_10min_wind_csdi_15.csv,8,collector_20250908_filtered
2025-09-08T02:02:04.424458+00:00,2025-09-08T10:02:04+08:00,Shek Kong,22.4361111,114.0847222,9.0,9.0,https://data.weather.gov.hk/weatherAPI/hko_data/csdi/dataset/latest_10min_wind_csdi_16.csv,8,collector_20250908_filtered
2025-09-08T02:02:04.424458+00:00,2025-09-08T10:02:04+08:00,Stanley,22.2141667,114.2186111,9.0,9.0,https://data.weather.gov.hk/weatherAPI/hko_data/csdi/dataset/latest_10min_wind_csdi_17.csv,8,collector_20250908_filtered
2025-09-08T02:02:04.424458+00:00,2025-09-08T10:02:04+08:00,Star Ferry,22.293008,114.16842,9.0,9.0,https://data.weather.gov.hk/weatherAPI/hko_data/csdi/dataset/latest_10min_wind_csdi_18.csv,8,collector_20250908_filtered
2025-09-08T02:02:04.424458+00:00,2025-09-08T10:02:04+08:00,Ta Kwu Ling,22.5286111,114.1566667,9.0,9.0,https://data.weather.gov.hk/weatherAPI/hko_data/csdi/dataset/latest_10min_wind_csdi_19.csv,8,collector_20250908_filtered
2025-09-08T02:02:04.424458+00:00,2025-09-08T10:02:04+08:00,Tai Mei Tuk,22.4752778,114.2375,9.0,9.0,https://data.weather.gov.hk/weatherAPI/hko_data/csdi/dataset/latest_10min_wind_csdi_20.csv,8,collector_20250908_filtered
2025-09-08T02:02:04.424458+00:00,2025-09-08T10:02:04+08:00,Tai Po Kau,22.4425,114.1841667,9.0,9.0,https://data.weather.gov.hk/weatherAPI/hko_data/csdi/dataset/latest_10min_wind_csdi_21.csv,8,collector_20250908_filtered
2025-09-08T02:02:04.424458+00:00,2025-09-08T10:02:04+08:00,Tap Mun,22.4713889,114.3605556,9.0,9.0,https://data.weather.gov.hk/weatherAPI/hko_data/csdi/dataset/latest_10min_wind_csdi_22.csv,8,collector_20250908_filtered
2025-09-08T02:02:04.424458+00:00,2025-09-08T10:02:04+08:00,Tate's Cairn,22.3577778,114.2177778,9.0,9.0,https://data.weather.gov.hk/weatherAPI/hko_data/csdi/dataset/latest_10min_wind_csdi_23.csv,8,collector_20250908_filtered
2025-09-08T02:02:04.424458+00:00,2025-09-08T10:02:04+08:00,Tseung Kwan O,22.3158333,114.2555556,9.0,9.0,https://data.weather.gov.hk/weatherAPI/hko_data/csdi/dataset/latest_10min_wind_csdi_24.csv,8,collector_20250908_filtered
2025-09-08T02:02:04.424458+00:00,2025-09-08T10:02:04+08:00,Tsing Yi,22.3441667,114.11,9.0,9.0,https://data.weather.gov.hk/weatherAPI/hko_data/csdi/dataset/latest_10min_wind_csdi_25.csv,8,collector_20250908_filtered
2025-09-08T02:02:04.424458+00:00,2025-09-08T10:02:04+08:00,Tuen Mun,22.3858333,113.9641667,9.0,9.0,https://data.weather.gov.hk/weatherAPI/hko_data/csdi/dataset/latest_10min_wind_csdi_26.csv,8,collector_20250908_filtered
2025-09-08T02:02:04.424458+00:00,2025-09-08T10:02:04+08:00,Waglan Island,22.1822222,114.3033333,9.0,9.0,https://data.weather.gov.hk/weatherAPI/hko_data/csdi/dataset/latest_10min_wind_csdi_27.csv,8,collector_20250908_filtered
2025-09-08T02:02:04.424458+00:00,2025-09-08T10:02:04+08:00,Wetland Park,22.4666667,114.0088889,12.0,40.0,https://data.weather.gov.hk/weatherAPI/hko_data/csdi/dataset/latest_10min_wind_csdi_28.csv,8,collector_20250908_filtered
2025-09-08T02:02:04.424458+00:00,2025-09-08T10:02:04+08:00,Wong Chuk Hang,22.2477778,114.1736111,9.0,9.0,https://data.weather.gov.hk/weatherAPI/hko_data/csdi/dataset/latest_10min_wind_csdi_29.csv,8,collector_20250908_filtered
2025-09-07T14:43:09+00:00,2025-09-07T22:43:09+08:00,Central Pier,,,37.0,70.0,,,external_hko_20250907
2025-09-07T14:43:09+00:00,2025-09-07T22:43:09+08:00,Chek Lap Kok,,,55.0,80.0,,,external_hko_20250907
2025-09-07T14:43:09+00:00,2025-09-07T22:43:09+08:00,Cheung Chau,,,87.0,103.0,,,external_hko_20250907
2025-09-07T14:43:09+00:00,2025-09-07T22:43:09+08:00,Cheung Chau Beach,,,50.0,78.0,,,external_hko_20250907
2025-09-07T14:43:09+00:00,2025-09-07T22:43:09+08:00,Green Island,,,50.0,82.0,,,external_hko_20250907
2025-09-07T14:43:09+00:00,2025-09-07T22:43:09+08:00,Hong Kong Sea School,,,20.0,49.0,,,external_hko_20250907
2025-09-07T14:43:09+00:00,2025-09-07T22:43:09+08:00,Kai Tak,,,42.0,73.0,,,external_hko_20250907
2025-09-07T14:43:09+00:00,2025-09-07T22:43:09+08:00,King's Park,,,25.0,59.0,,,external_hko_20250907
2025-09-07T14:43:09+00:00,2025-09-07T22:43:09+08:00,Lamma Island,,,51.0,74.0,,,external_hko_20250907
2025-09-07T14:43:09+00:00,2025-09-07T22:43:09+08:00,Lau Fau Shan,,,26.0,68.0,,,external_hko_20250907
2025-09-07T14:43:09+00:00,2025-09-07T22:43:09+08:00,Ngong Ping,,,77.0,142.0,,,external_hko_20250907
2025-09-07T14:43:09+00:00,2025-09-07T22:43:09+08:00,North Point,,,13.0,36.0,,,external_hko_20250907
2025-09-07T14:43:09+00:00,2025-09-07T22:43:09+08:00,Peng Chau,,,47.0,73.0,,,external_hko_20250907
2025-09-07T14:43:09+00:00,2025-09-07T22:43:09+08:00,Sai Kung,,,47.0,75.0,,,external_hko_20250907
2025-09-07T14:43:09+00:00,2025-09-07T22:43:09+08:00,Sha Chau,,,57.0,81.0,,,external_hko_20250907
2025-09-07T14:43:09+00:00,2025-09-07T22:43:09+08:00,Sha Tin,,,22.0,40.0,,,external_hko_20250907
2025-09-07T14:43:09+00:00,2025-09-07T22:43:09+08:00,Shek Kong,,,25.0,58.0,,,external_hko_20250907
2025-09-07T14:43:09+00:00,2025-09-07T22:43:09+08:00,Stanley,,,53.0,73.0,,,external_hko_20250907
2025-09-07T14:43:09+00:00,2025-09-07T22:43:09+08:00,Star Ferry,,,47.0,69.0,,,external_hko_20250907
2025-09-07T14:43:09+00:00,2025-09-07T22:43:09+08:00,Ta Kwu Ling,,,29.0,53.0,,,external_hko_20250907
2025-09-07T14:43:09+00:00,2025-09-07T22:43:09+08:00,Tai Mei Tuk,,,48.0,73.0,,,external_hko_20250907
2025-09-07T14:43:09+00:00,2025-09-07T22:43:09+08:00,Tai Po Kau,,,41.0,81.0,,,external_hko_20250907
2025-09-07T14:43:09+00:00,2025-09-07T22:43:09+08:00,Tap Mun,,,73.0,87.0,,,external_hko_20250907
2025-09-07T14:43:09+00:00,2025-09-07T22:43:09+08:00,Tate's Cairn,,,41.0,74.0,,,external_hko_20250907
2025-09-07T14:43:09+00:00,2025-09-07T22:43:09+08:00,Tseung Kwan O,,,21.0,48.0,,,external_hko_20250907
2025-09-07T14:43:09+00:00,2025-09-07T22:43:09+08:00,Tsing Yi,,,32.0,62.0,,,external_hko_20250907
2025-09-07T14:43:09+00:00,2025-09-07T22:43:09+08:00,Tuen Mun,,,35.0,70.0,,,external_hko_20250907
2025-09-07T14:43:09+00:00,2025-09-07T22:43:09+08:00,Waglan Island,,,76.0,89.0,,,external_hko_20250907
2025-09-07T14:43:09+00:00,2025-09-07T22:43:09+08:00,Wetland Park,,,12.0,38.0,,,external_hko_20250907
2025-09-07T14:43:09+00:00,2025-09-07T22:43:09+08:00,Wong Chuk Hang,,,27.0,66.0,,,external_hko_20250907
2025-09-07T14:53:28+00:00,2025-09-07T22:53:28+08:00,Central Pier,,,38.0,65.0,,,external_hko_20250907
2025-09-07T14:53:28+00:00,2025-09-07T22:53:28+08:00,Chek Lap Kok,,,58.0,81.0,,,external_hko_20250907
2025-09-07T14:53:28+00:00,2025-09-07T22:53:28+08:00,Cheung Chau,,,95.0,123.0,,,external_hko_20250907
2025-09-07T14:53:28+00:00,2025-09-07T22:53:28+08:00,Cheung Chau Beach,,,56.0,86.0,,,external_hko_20250907
2025-09-07T14:53:28+00:00,2025-09-07T22:53:28+08:00,Green Island,,,52.0,92.0,,,external_hko_20250907
2025-09-07T14:53:28+00:00,2025-09-07T22:53:28+08:00,Hong Kong Sea School,,,19.0,69.0,,,external_hko_20250907
2025-09-07T14:53:28+00:00,2025-09-07T22:53:28+08:00,Kai Tak,,,39.0,74.0,,,external_hko_20250907
2025-09-07T14:53:28+00:00,2025-09-07T22:53:28+08:00,King's Park,,,27.0,60.0,,,external_hko_20250907
2025-09-07T14:53:28+00:00,2025-09-07T22:53:28+08:00,Lamma Island,,,50.0,78.0,,,external_hko_20250907
2025-09-07T14:53:28+00:00,2025-09-07T22:53:28+08:00,Lau Fau Shan,,,34.0,58.0,,,external_hko_20250907
2025-09-07T14:53:28+00:00,2025-09-07T22:53:28+08:00,Ngong Ping,,,62.0,117.0,,,external_hko_20250907
2025-09-07T14:53:28+00:00,2025-09-07T22:53:28+08:00,North Point,,,12.0,45.0,,,external_hko_20250907
2025-09-07T14:53:28+00:00,2025-09-07T22:53:28+08:00,Peng Chau,,,43.0,69.0,,,external_hko_20250907
2025-09-07T14:53:28+00:00,2025-09-07T22:53:28+08:00,Sai Kung,,,45.0,70.0,,,external_hko_20250907
2025-09-07T14:53:28+00:00,2025-09-07T22:53:28+08:00,Sha Chau,,,57.0,84.0,,,external_hko_20250907
2025-09-07T14:53:28+00:00,2025-09-07T22:53:28+08:00,Sha Tin,,,26.0,63.0,,,external_hko_20250907
2025-09-07T14:53:28+00:00,2025-09-07T22:53:28+08:00,Shek Kong,,,19.0,51.0,,,external_hko_20250907
2025-09-07T14:53:28+00:00,2025-09-07T22:53:28+08:00,Stanley,,,55.0,76.0,,,external_hko_20250907
2025-09-07T14:53:28+00:00,2025-09-07T22:53:28+08:00,Star Ferry,,,44.0,69.0,,,external_hko_20250907
2025-09-07T14:53:28+00:00,2025-09-07T22:53:28+08:00,Ta Kwu Ling,,,24.0,59.0,,,external_hko_20250907
2025-09-07T14:53:28+00:00,2025-09-07T22:53:28+08:00,Tai Mei Tuk,,,45.0,74.0,,,external_hko_20250907
2025-09-07T14:53:28+00:00,2025-09-07T22:53:28+08:00,Tai Po Kau,,,37.0,89.0,,,external_hko_20250907
2025-09-07T14:53:28+00:00,2025-09-07T22:53:28+08:00,Tap Mun,,,75.0,94.0,,,external_hko_20250907
2025-09-07T14:53:28+00:00,2025-09-07T22:53:28+08:00,Tate's Cairn,,,45.0,95.0,,,external_hko_20250907
2025-09-07T14:53:28+00:00,2025-09-07T22:53:28+08:00,Tseung Kwan O,,,31.0,60.0,,,external_hko_20250907
2025-09-07T14:53:28+00:00,2025-09-07T22:53:28+08:00,Tsing Yi,,,15.0,42.0,,,external_hko_20250907
2025-09-07T14:53:28+00:00,2025-09-07T22:53:28+08:00,Tuen Mun,,,36.0,74.0,,,external_hko_20250907
2025-09-07T14:53:28+00:00,2025-09-07T22:53:28+08:00,Waglan Island,,,72.0,85.0,,,external_hko_20250907
2025-09-07T14:53:28+00:00,2025-09-07T22:53:28+08:00,Wetland Park,,,14.0,34.0,,,external_hko_20250907
2025-09-07T14:53:28+00:00,2025-09-07T22:53:28+08:00,Wong Chuk Hang,,,30.0,77.0,,,external_hko_20250907
2025-09-07T15:03:48+00:00,2025-09-07T23:03:48+08:00,Central Pier,,,34.0,55.0,,,external_hko_20250907
2025-09-07T15:03:48+00:00,2025-09-07T23:03:48+08:00,Chek Lap Kok,,,49.0,70.0,,,external_hko_20250907
2025-09-07T15:03:48+00:00,2025-09-07T23:03:48+08:00,Cheung Chau,,,90.0,111.0,,,external_hko_20250907
2025-09-07T15:03:48+00:00,2025-09-07T23:03:48+08:00,Cheung Chau Beach,,,48.0,86.0,,,external_hko_20250907
2025-09-07T15:03:48+00:00,2025-09-07T23:03:48+08:00,Green Island,,,51.0,81.0,,,external_hko_20250907
2025-09-07T15:03:48+00:00,2025-09-07T23:03:48+08:00,Hong Kong Sea School,,,22.0,47.0,,,external_hko_20250907
2025-09-07T15:03:48+00:00,2025-09-07T23:03:48+08:00,Kai Tak,,,38.0,57.0,,,external_hko_20250907
2025-09-07T15:03:48+00:00,2025-09-07T23:03:48+08:00,King's Park,,,27.0,57.0,,,external_hko_20250907
2025-09-07T15:03:48+00:00,2025-09-07T23:03:48+08:00,Lamma Island,,,49.0,78.0,,,external_hko_20250907
2025-09-07T15:03:48+00:00,2025-09-07T23:03:48+08:00,Lau Fau Shan,,,31.0,63.0,,,external_hko_20250907
2025-09-07T15:03:48+00:00,2025-09-07T23:03:48+08:00,Ngong Ping,,,67.0,149.0,,,external_hko_20250907
2025-09-07T15:03:48+00:00,2025-09-07T23:03:48+08:00,North Point,,,9.0,34.0,,,external_hko_20250907
2025-09-07T15:03:48+00:00,2025-09-07T23:03:48+08:00,Peng Chau,,,49.0,77.0,,,external_hko_20250907
2025-09-07T15:03:48+00:00,2025-09-07T23:03:48+08:00,Sai Kung,,,48.0,71.0,,,external_hko_20250907
2025-09-07T15:03:48+00:00,2025-09-07T23:03:48+08:00,Sha Chau,,,51.0,64.0,,,external_hko_20250907
2025-09-07T15:03:48+00:00,2025-09-07T23:03:48+08:00,Sha Tin,,,28.0,46.0,,,external_hko_20250907
2025-09-07T15:03:48+00:00,2025-09-07T23:03:48+08:00,Shek Kong,,,23.0,65.0,,,external_hko_20250907
2025-09-07T15:03:48+00:00,2025-09-07T23:03:48+08:00,Stanley,,,55.0,79.0,,,external_hko_20250907
2025-09-07T15:03:48+00:00,2025-09-07T23:03:48+08:00,Star Ferry,,,49.0,69.0,,,external_hko_20250907
2025-09-07T15:03:48+00:00,2025-09-07T23:03:48+08:00,Ta Kwu Ling,,,27.0,55.0,,,external_hko_20250907
2025-09-07T15:03:48+00:00,2025-09-07T23:03:48+08:00,Tai Mei Tuk,,,51.0,77.0,,,external_hko_20250907
2025-09-07T15:03:48+00:00,2025-09-07T23:03:48+08:00,Tai Po Kau,,,47.0,84.0,,,external_hko_20250907
2025-09-07T15:03:48+00:00,2025-09-07T23:03:48+08:00,Tap Mun,,,75.0,90.0,,,external_hko_20250907
2025-09-07T15:03:48+00:00,2025-09-07T23:03:48+08:00,Tate's Cairn,,,45.0,83.0,,,external_hko_20250907
2025-09-07T15:03:48+00:00,2025-09-07T23:03:48+08:00,Tseung Kwan O,,,28.0,64.0,,,external_hko_20250907
2025-09-07T15:03:48+00:00,2025-09-07T23:03:48+08:00,Tsing Yi,,,36.0,63.0,,,external_hko_20250907
2025-09-07T15:03:48+00:00,2025-09-07T23:03:48+08:00,Tuen Mun,,,34.0,71.0,,,external_hko_20250907
2025-09-07T15:03:48+00:00,2025-09-07T23:03:48+08:00,Waglan Island,,,74.0,89.0,,,external_hko_20250907
2025-09-07T15:03:48+00:00,2025-09-07T23:03:48+08:00,Wetland Park,,,17.0,40.0,,,external_hko_20250907
2025-09-07T15:03:48+00:00,2025-09-07T23:03:48+08:00,Wong Chuk Hang,,,27.0,58.0,,,external_hko_20250907
2025-09-07T15:14:08+00:00,2025-09-07T23:14:08+08:00,Central Pier,,,36.0,64.0,,,external_hko_20250907
2025-09-07T15:14:08+00:00,2025-09-07T23:14:08+08:00,Chek Lap Kok,,,55.0,81.0,,,external_hko_20250907
2025-09-07T15:14:08+00:00,2025-09-07T23:14:08+08:00,Cheung Chau,,,84.0,98.0,,,external_hko_20250907
2025-09-07T15:14:08+00:00,2025-09-07T23:14:08+08:00,Cheung Chau Beach,,,40.0,78.0,,,external_hko_20250907
2025-09-07T15:14:08+00:00,2025-09-07T23:14:08+08:00,Green Island,,,57.0,93.0,,,external_hko_20250907
2025-09-07T15:14:08+00:00,2025-09-07T23:14:08+08:00,Hong Kong Sea School,,,22.0,69.0,,,external_hko_20250907
2025-09-07T15:14:08+00:00,2025-09-07T23:14:08+08:00,Kai Tak,,,45.0,77.0,,,external_hko_20250907
2025-09-07T15:14:08+00:00,2025-09-07T23:14:08+08:00,King's Park,,,23.0,60.0,,,external_hko_20250907
2025-09-07T15:14:08+00:00,2025-09-07T23:14:08+08:00,Lamma Island,,,46.0,72.0,,,external_hko_20250907
2025-09-07T15:14:08+00:00,2025-09-07T23:14:08+08:00,Lau Fau Shan,,,30.0,53.0,,,external_hko_20250907
2025-09-07T15:14:08+00:00,2025-09-07T23:14:08+08:00,Ngong Ping,,,51.0,112.0,,,external_hko_20250907
2025-09-07T15:14:08+00:00,2025-09-07T23:14:08+08:00,North Point,,,8.0,20.0,,,external_hko_20250907
2025-09-07T15:14:08+00:00,2025-09-07T23:14:08+08:00,Peng Chau,,,47.0,69.0,,,external_hko_20250907
2025-09-07T15:14:08+00:00,2025-09-07T23:14:08+08:00,Sai Kung,,,44.0,66.0,,,external_hko_20250907
2025-09-07T15:14:08+00:00,2025-09-07T23:14:08+08:00,Sha Chau,,,62.0,81.0,,,external_hko_20250907
2025-09-07T15:14:08+00:00,2025-09-07T23:14:08+08:00,Sha Tin,,,23.0,49.0,,,external_hko_20250907
2025-09-07T15:14:08+00:00,2025-09-07T23:14:08+08:00,Shek Kong,,,19.0,50.0,,,external_hko_20250907
2025-09-07T15:14:08+00:00,2025-09-07T23:14:08+08:00,Stanley,,,56.0,83.0,,,external_hko_20250907
2025-09-07T15:14:08+00:00,2025-09-07T23:14:08+08:00,Star Ferry,,,50.0,85.0,,,external_hko_20250907
2025-09-07T15:14:08+00:00,2025-09-07T23:14:08+08:00,Ta Kwu Ling,,,31.0,51.0,,,external_hko_20250907
2025-09-07T15:14:08+00:00,2025-09-07T23:14:08+08:00,Tai Mei Tuk,,,46.0,78.0,,,external_hko_20250907
2025-09-07T15:14:08+00:00,2025-09-07T23:14:08+08:00,Tai Po Kau,,,53.0,76.0,,,external_hko_20250907
2025-09-07T15:14:08+00:00,2025-09-07T23:14:08+08:00,Tap Mun,,,72.0,86.0,,,external_hko_20250907
2025-09-07T15:14:08+00:00,2025-09-07T23:14:08+08:00,Tate's Cairn,,,48.0,86.0,,,external_hko_20250907
2025-09-07T15:14:08+00:00,2025-09-07T23:14:08+08:00,Tseung Kwan O,,,25.0,55.0,,,external_hko_20250907
2025-09-07T15:14:08+00:00,2025-09-07T23:14:08+08:00,Tsing Yi,,,28.0,59.0,,,external_hko_20250907
2025-09-07T15:14:08+00:00,2025-09-07T23:14:08+08:00,Tuen Mun,,,36.0,76.0,,,external_hko_20250907
2025-09-07T15:14:08+00:00,2025-09-07T23:14:08+08:00,Waglan Island,,,72.0,85.0,,,external_hko_20250907
2025-09-07T15:14:08+00:00,2025-09-07T23:14:08+08:00,Wetland Park,,,17.0,39.0,,,external_hko_20250907
2025-09-07T15:14:08+00:00,2025-09-07T23:14:08+08:00,Wong Chuk Hang,,,24.0,71.0,,,external_hko_20250907
2025-09-07T15:24:28+00:00,2025-09-07T23:24:28+08:00,Central Pier,,,39.0,68.0,,,external_hko_20250907
2025-09-07T15:24:28+00:00,2025-09-07T23:24:28+08:00,Chek Lap Kok,,,56.0,94.0,,,external_hko_20250907
2025-09-07T15:24:28+00:00,2025-09-07T23:24:28+08:00,Cheung Chau,,,80.0,92.0,,,external_hko_20250907
2025-09-07T15:24:28+00:00,2025-09-07T23:24:28+08:00,Cheung Chau Beach,,,35.0,73.0,,,external_hko_20250907
2025-09-07T15:24:28+00:00,2025-09-07T23:24:28+08:00,Green Island,,,56.0,90.0,,,external_hko_20250907
2025-09-07T15:24:28+00:00,2025-09-07T23:24:28+08:00,Hong Kong Sea School,,,20.0,50.0,,,external_hko_20250907
2025-09-07T15:24:28+00:00,2025-09-07T23:24:28+08:00,Kai Tak,,,40.0,60.0,,,external_hko_20250907
2025-09-07T15:24:28+00:00,2025-09-07T23:24:28+08:00,King's Park,,,24.0,48.0,,,external_hko_20250907
2025-09-07T15:24:28+00:00,2025-09-07T23:24:28+08:00,Lamma Island,,,54.0,85.0,,,external_hko_20250907
2025-09-07T15:24:28+00:00,2025-09-07T23:24:28+08:00,Lau Fau Shan,,,23.0,39.0,,,external_hko_20250907
2025-09-07T15:24:28+00:00,2025-09-07T23:24:28+08:00,Ngong Ping,,,39.0,94.0,,,external_hko_20250907
2025-09-07T15:24:28+00:00,2025-09-07T23:24:28+08:00,North Point,,,12.0,30.0,,,external_hko_20250907
2025-09-07T15:24:28+00:00,2025-09-07T23:24:28+08:00,Peng Chau,,,40.0,73.0,,,external_hko_20250907
2025-09-07T15:24:28+00:00,2025-09-07T23:24:28+08:00,Sai Kung,,,46.0,66.0,,,external_hko_20250907
2025-09-07T15:24:28+00:00,2025-09-07T23:24:28+08:00,Sha Chau,,,58.0,86.0,,,external_hko_20250907
2025-09-07T15:24:28+00:00,2025-09-07T23:24:28+08:00,Sha Tin,,,22.0,56.0,,,external_hko_20250907
2025-09-07T15:24:28+00:00,2025-09-07T23:24:28+08:00,Shek Kong,,,28.0,72.0,,,external_hko_20250907
2025-09-07T15:24:28+00:00,2025-09-07T23:24:28+08:00,Stanley,,,59.0,86.0,,,external_hko_20250907
2025-09-07T15:24:28+00:00,2025-09-07T23:24:28+08:00,Star Ferry,,,51.0,71.0,,,external_hko_20250907
2025-09-07T15:24:28+00:00,2025-09-07T23:24:28+08:00,Ta Kwu Ling,,,35.0,73.0,,,external_hko_20250907
2025-09-07T15:24:28+00:00,2025-09-07T23:24:28+08:00,Tai Mei Tuk,,,47.0,75.0,,,external_hko_20250907
2025-09-07T15:24:28+00:00,2025-09-07T23:24:28+08:00,Tai Po Kau,,,54.0,90.0,,,external_hko_20250907
2025-09-07T15:24:28+00:00,2025-09-07T23:24:28+08:00,Tap Mun,,,68.0,81.0,,,external_hko_20250907
2025-09-07T15:24:28+00:00,2025-09-07T23:24:28+08:00,Tate's Cairn,,,43.0,91.0,,,external_hko_20250907
2025-09-07T15:24:28+00:00,2025-09-07T23:24:28+08:00,Tseung Kwan O,,,33.0,64.0,,,external_hko_20250907
2025-09-07T15:24:28+00:00,2025-09-07T23:24:28+08:00,Tsing Yi,,,29.0,63.0,,,external_hko_20250907
2025-09-07T15:24:28+00:00,2025-09-07T23:24:28+08:00,Tuen Mun,,,26.0,58.0,,,external_hko_20250907
2025-09-07T15:24:28+00:00,2025-09-07T23:24:28+08:00,Waglan Island,,,75.0,86.0,,,external_hko_20250907
2025-09-07T15:24:28+00:00,2025-09-07T23:24:28+08:00,Wetland Park,,,11.0,29.0,,,external_hko_20250907
2025-09-07T15:24:28+00:00,2025-09-07T23:24:28+08:00,Wong Chuk Hang,,,24.0,60.0,,,external_hko_20250907
2025-09-07T15:34:47+00:00,2025-09-07T23:34:47+08:00,Central Pier,,,38.0,69.0,,,external_hko_20250907
2025-09-07T15:34:47+00:00,2025-09-07T23:34:47+08:00,Chek Lap Kok,,,53.0,82.0,,,external_hko_20250907
2025-09-07T15:34:47+00:00,2025-09-07T23:34:47+08:00,Cheung Chau,,,86.0,109.0,,,external_hko_20250907
2025-09-07T15:34:47+00:00,2025-09-07T23:34:47+08:00,Cheung Chau Beach,,,40.0,77.0,,,external_hko_20250907
2025-09-07T15:34:47+00:00,2025-09-07T23:34:47+08:00,Green Island,,,60.0,87.0,,,external_hko_20250907
2025-09-07T15:34:47+00:00,2025-09-07T23:34:47+08:00,Hong Kong Sea School,,,14.0,37.0,,,external_hko_20250907
2025-09-07T15:34:47+00:00,2025-09-07T23:34:47+08:00,Kai Tak,,,45.0,67.0,,,external_hko_20250907
2025-09-07T15:34:47+00:00,2025-09-07T23:34:47+08:00,King's Park,,,28.0,64.0,,,external_hko_20250907
2025-09-07T15:34:47+00:00,2025-09-07T23:34:47+08:00,Lamma Island,,,50.0,82.0,,,external_hko_20250907
2025-09-07T15:34:47+00:00,2025-09-07T23:34:47+08:00,Lau Fau Shan,,,24.0,55.0,,,external_hko_20250907
2025-09-07T15:34:47+00:00,2025-09-07T23:34:47+08:00,Ngong Ping,,,40.0,128.0,,,external_hko_20250907
2025-09-07T15:34:47+00:00,2025-09-07T23:34:47+08:00,North Point,,,13.0,34.0,,,external_hko_20250907
2025-09-07T15:34:47+00:00,2025-09-07T23:34:47+08:00,Peng Chau,,,44.0,68.0,,,external_hko_20250907
2025-09-07T15:34:47+00:00,2025-09-07T23:34:47+08:00,Sai Kung,,,46.0,67.0,,,external_hko_20250907
2025-09-07T15:34:47+00:00,2025-09-07T23:34:47+08:00,Sha Chau,,,59.0,87.0,,,external_hko_20250907
2025-09-07T15:34:47+00:00,2025-09-07T23:34:47+08:00,Sha Tin,,,26.0,56.0,,,external_hko_20250907
2025-09-07T15:34:47+00:00,2025-09-07T23:34:47+08:00,Shek Kong,,,19.0,50.0,,,external_hko_20250907
2025-09-07T15:34:47+00:00,2025-09-07T23:34:47+08:00,Stanley,,,61.0,83.0,,,external_hko_20250907
2025-09-07T15:34:47+00:00,2025-09-07T23:34:47+08:00,Star Ferry,,,49.0,73.0,,,external_hko_20250907
2025-09-07T15:34:47+00:00,2025-09-07T23:34:47+08:00,Ta Kwu Ling,,,30.0,58.0,,,external_hko_20250907
2025-09-07T15:34:47+00:00,2025-09-07T23:34:47+08:00,Tai Mei Tuk,,,50.0,71.0,,,external_hko_20250907
2025-09-07T15:34:47+00:00,2025-09-07T23:34:47+08:00,Tai Po Kau,,,36.0,78.0,,,external_hko_20250907
2025-09-07T15:34:47+00:00,2025-09-07T23:34:47+08:00,Tap Mun,,,77.0,95.0,,,external_hko_20250907
2025-09-07T15:34:47+00:00,2025-09-07T23:34:47+08:00,Tate's Cairn,,,51.0,85.0,,,external_hko_20250907
2025-09-07T15:34:47+00:00,2025-09-07T23:34:47+08:00,Tseung Kwan O,,,23.0,62.0,,,external_hko_20250907
2025-09-07T15:34:47+00:00,2025-09-07T23:34:47+08:00,Tsing Yi,,,28.0,64.0,,,external_hko_20250907
2025-09-07T15:34:47+00:00,2025-09-07T23:34:47+08:00,Tuen Mun,,,26.0,57.0,,,external_hko_20250907
2025-09-07T15:34:47+00:00,2025-09-07T23:34:47+08:00,Waglan Island,,,73.0,95.0,,,external_hko_20250907
2025-09-07T15:34:47+00:00,2025-09-07T23:34:47+08:00,Wetland Park,,,10.0,26.0,,,external_hko_20250907
2025-09-07T15:34:47+00:00,2025-09-07T23:34:47+08:00,Wong Chuk Hang,,,26.0,61.0,,,external_hko_20250907
2025-09-07T15:45:06+00:00,2025-09-07T23:45:06+08:00,Central Pier,,,33.0,61.0,,,external_hko_20250907
2025-09-07T15:45:06+00:00,2025-09-07T23:45:06+08:00,Chek Lap Kok,,,41.0,67.0,,,external_hko_20250907
2025-09-07T15:45:06+00:00,2025-09-07T23:45:06+08:00,Cheung Chau,,,75.0,99.0,,,external_hko_20250907
2025-09-07T15:45:06+00:00,2025-09-07T23:45:06+08:00,Cheung Chau Beach,,,32.0,67.0,,,external_hko_20250907
2025-09-07T15:45:06+00:00,2025-09-07T23:45:06+08:00,Green Island,,,49.0,84.0,,,external_hko_20250907
2025-09-07T15:45:06+00:00,2025-09-07T23:45:06+08:00,Hong Kong Sea School,,,13.0,54.0,,,external_hko_20250907
2025-09-07T15:45:06+00:00,2025-09-07T23:45:06+08:00,Kai Tak,,,40.0,68.0,,,external_hko_20250907
2025-09-07T15:45:06+00:00,2025-09-07T23:45:06+08:00,King's Park,,,18.0,44.0,,,external_hko_20250907
2025-09-07T15:45:06+00:00,2025-09-07T23:45:06+08:00,Lamma Island,,,54.0,87.0,,,external_hko_20250907
2025-09-07T15:45:06+00:00,2025-09-07T23:45:06+08:00,Lau Fau Shan,,,26.0,58.0,,,external_hko_20250907
2025-09-07T15:45:06+00:00,2025-09-07T23:45:06+08:00,Ngong Ping,,,35.0,121.0,,,external_hko_20250907
2025-09-07T15:45:06+00:00,2025-09-07T23:45:06+08:00,North Point,,,9.0,24.0,,,external_hko_20250907
2025-09-07T15:45:06+00:00,2025-09-07T23:45:06+08:00,Peng Chau,,,42.0,62.0,,,external_hko_20250907
2025-09-07T15:45:06+00:00,2025-09-07T23:45:06+08:00,Sai Kung,,,47.0,68.0,,,external_hko_20250907
2025-09-07T15:45:06+00:00,2025-09-07T23:45:06+08:00,Sha Chau,,,57.0,76.0,,,external_hko_20250907
2025-09-07T15:45:06+00:00,2025-09-07T23:45:06+08:00,Sha Tin,,,23.0,43.0,,,external_hko_20250907
2025-09-07T15:45:06+00:00,2025-09-07T23:45:06+08:00,Shek Kong,,,19.0,63.0,,,external_hko_20250907
2025-09-07T15:45:06+00:00,2025-09-07T23:45:06+08:00,Stanley,,,58.0,78.0,,,external_hko_20250907
2025-09-07T15:45:06+00:00,2025-09-07T23:45:06+08:00,Star Ferry,,,46.0,75.0,,,external_hko_20250907
2025-09-07T15:45:06+00:00,2025-09-07T23:45:06+08:00,Ta Kwu Ling,,,27.0,56.0,,,external_hko_20250907
2025-09-07T15:45:06+00:00,2025-09-07T23:45:06+08:00,Tai Mei Tuk,,,51.0,78.0,,,external_hko_20250907
2025-09-07T15:45:06+00:00,2025-09-07T23:45:06+08:00,Tai Po Kau,,,37.0,75.0,,,external_hko_20250907
2025-09-07T15:45:06+00:00,2025-09-07T23:45:06+08:00,Tap Mun,,,75.0,86.0,,,external_hko_20250907
2025-09-07T15:45:06+00:00,2025-09-07T23:45:06+08:00,Tate's Cairn,,,45.0,85.0,,,external_hko_20250907
2025-09-07T15:45:06+00:00,2025-09-07T23:45:06+08:00,Tseung Kwan O,,,19.0,54.0,,,external_hko_20250907
2025-09-07T15:45:06+00:00,2025-09-07T23:45:06+08:00,Tsing Yi,,,32.0,58.0,,,external_hko_20250907
2025-09-07T15:45:06+00:00,2025-09-07T23:45:06+08:00,Tuen Mun,,,31.0,74.0,,,external_hko_20250907
2025-09-07T15:45:06+00:00,2025-09-07T23:45:06+08:00,Waglan Island,,,75.0,91.0,,,external_hko_20250907
2025-09-07T15:45:06+00:00,2025-09-07T23:45:06+08:00,Wetland Park,,,14.0,37.0,,,external_hko_20250907
2025-09-07T15:45:06+00:00,2025-09-07T23:45:06+08:00,Wong Chuk Hang,,,35.0,69.0,,,external_hko_20250907
2025-09-07T15:55:25+00:00,2025-09-07T23:55:25+08:00,Central Pier,,,28.0,46.0,,,external_hko_20250907
2025-09-07T15:55:25+00:00,2025-09-07T23:55:25+08:00,Chek Lap Kok,,,42.0,71.0,,,external_hko_20250907
2025-09-07T15:55:25+00:00,2025-09-07T23:55:25+08:00,Cheung Chau,,,71.0,94.0,,,external_hko_20250907
2025-09-07T15:55:25+00:00,2025-09-07T23:55:25+08:00,Cheung Chau Beach,,,32.0,75.0,,,external_hko_20250907
2025-09-07T15:55:25+00:00,2025-09-07T23:55:25+08:00,Green Island,,,49.0,85.0,,,external_hko_20250907
2025-09-07T15:55:25+00:00,2025-09-07T23:55:25+08:00,Hong Kong Sea School,,,11.0,41.0,,,external_hko_20250907
2025-09-07T15:55:25+00:00,2025-09-07T23:55:25+08:00,Kai Tak,,,38.0,77.0,,,external_hko_20250907
2025-09-07T15:55:25+00:00,2025-09-07T23:55:25+08:00,King's Park,,,36.0,66.0,,,external_hko_20250907
2025-09-07T15:55:25+00:00,2025-09-07T23:55:25+08:00,Lamma Island,,,45.0,83.0,,,external_hko_20250907
2025-09-07T15:55:25+00:00,2025-09-07T23:55:25+08:00,Lau Fau Shan,,,41.0,75.0,,,external_hko_20250907
2025-09-07T15:55:25+00:00,2025-09-07T23:55:25+08:00,Ngong Ping,,,30.0,82.0,,,external_hko_20250907
2025-09-07T15:55:25+00:00,2025-09-07T23:55:25+08:00,North Point,,,12.0,30.0,,,external_hko_20250907
2025-09-07T15:55:25+00:00,2025-09-07T23:55:25+08:00,Peng Chau,,,42.0,64.0,,,external_hko_20250907
2025-09-07T15:55:25+00:00,2025-09-07T23:55:25+08:00,Sai Kung,,,50.0,72.0,,,external_hko_20250907
2025-09-07T15:55:25+00:00,2025-09-07T23:55:25+08:00,Sha Chau,,,54.0,89.0,,,external_hko_20250907
2025-09-07T15:55:25+00:00,2025-09-07T23:55:25+08:00,Sha Tin,,,15.0,50.0,,,external_hko_20250907
2025-09-07T15:55:25+00:00,2025-09-07T23:55:25+08:00,Shek Kong,,,30.0,55.0,,,external_hko_20250907
2025-09-07T15:55:25+00:00,2025-09-07T23:55:25+08:00,Stanley,,,58.0,81.0,,,external_hko_20250907
2025-09-07T15:55:25+00:00,2025-09-07T23:55:25+08:00,Star Ferry,,,51.0,78.0,,,external_hko_20250907
2025-09-07T15:55:25+00:00,2025-09-07T23:55:25+08:00,Ta Kwu Ling,,,28.0,54.0,,,external_hko_20250907
2025-09-07T15:55:25+00:00,2025-09-07T23:55:25+08:00,Tai Mei Tuk,,,40.0,62.0,,,external_hko_20250907
2025-09-07T15:55:25+00:00,2025-09-07T23:55:25+08:00,Tai Po Kau,,,33.0,59.0,,,external_hko_20250907
2025-09-07T15:55:25+00:00,2025-09-07T23:55:25+08:00,Tap Mun,,,77.0,94.0,,,external_hko_20250907
2025-09-07T15:55:25+00:00,2025-09-07T23:55:25+08:00,Tate's Cairn,,,51.0,80.0,,,external_hko_20250907
2025-09-07T15:55:25+00:00,2025-09-07T23:55:25+08:00,Tseung Kwan O,,,22.0,50.0,,,external_hko_20250907
2025-09-07T15:55:25+00:00,2025-09-07T23:55:25+08:00,Tsing Yi,,,30.0,62.0,,,external_hko_20250907
2025-09-07T15:55:25+00:00,2025-09-07T23:55:25+08:00,Tuen Mun,,,35.0,66.0,,,external_hko_20250907
2025-09-07T15:55:25+00:00,2025-09-07T23:55:25+08:00,Waglan Island,,,82.0,96.0,,,external_hko_20250907
2025-09-07T15:55:25+00:00,2025-09-07T23:55:25+08:00,Wetland Park,,,26.0,70.0,,,external_hko_20250907
2025-09-07T15:55:25+00:00,2025-09-07T23:55:25+08:00,Wong Chuk Hang,,,34.0,68.0,,,external_hko_20250907
2025-09-07T16:05:44+00:00,2025-09-08T00:05:44+08:00,Central Pier,,,27.0,57.0,,,external_hko_20250907
2025-09-07T16:05:44+00:00,2025-09-08T00:05:44+08:00,Chek Lap Kok,,,47.0,79.0,,,external_hko_20250907
2025-09-07T16:05:44+00:00,2025-09-08T00:05:44+08:00,Cheung Chau,,,92.0,124.0,,,external_hko_20250907
2025-09-07T16:05:44+00:00,2025-09-08T00:05:44+08:00,Cheung Chau Beach,,,39.0,75.0,,,external_hko_20250907
2025-09-07T16:05:44+00:00,2025-09-08T00:05:44+08:00,Green Island,,,49.0,94.0,,,external_hko_20250907
2025-09-07T16:05:44+00:00,2025-09-08T00:05:44+08:00,Hong Kong Sea School,,,17.0,53.0,,,external_hko_20250907
2025-09-07T16:05:44+00:00,2025-09-08T00:05:44+08:00,Kai Tak,,,45.0,88.0,,,external_hko_20250907
2025-09-07T16:05:44+00:00,2025-09-08T00:05:44+08:00,King's Park,,,27.0,65.0,,,external_hko_20250907
2025-09-07T16:05:44+00:00,2025-09-08T00:05:44+08:00,Lamma Island,,,55.0,102.0,,,external_hko_20250907
2025-09-07T16:05:44+00:00,2025-09-08T00:05:44+08:00,Lau Fau Shan,,,39.0,68.0,,,external_hko_20250907
2025-09-07T16:05:44+00:00,2025-09-08T00:05:44+08:00,Ngong Ping,,,101.0,138.0,,,external_hko_20250907
2025-09-07T16:05:44+00:00,2025-09-08T00:05:44+08:00,North Point,,,17.0,30.0,,,external_hko_20250907
2025-09-07T16:05:44+00:00,2025-09-08T00:05:44+08:00,Peng Chau,,,48.0,73.0,,,external_hko_20250907
2025-09-07T16:05:44+00:00,2025-09-08T00:05:44+08:00,Sai Kung,,,54.0,78.0,,,external_hko_20250907
2025-09-07T16:05:44+00:00,2025-09-08T00:05:44+08:00,Sha Chau,,,59.0,84.0,,,external_hko_20250907
2025-09-07T16:05:44+00:00,2025-09-08T00:05:44+08:00,Sha Tin,,,30.0,53.0,,,external_hko_20250907
2025-09-07T16:05:44+00:00,2025-09-08T00:05:44+08:00,Shek Kong,,,18.0,56.0,,,external_hko_20250907
2025-09-07T16:05:44+00:00,2025-09-08T00:05:44+08:00,Stanley,,,63.0,89.0,,,external_hko_20250907
2025-09-07T16:05:44+00:00,2025-09-08T00:05:44+08:00,Star Ferry,,,41.0,62.0,,,external_hko_20250907
2025-09-07T16:05:44+00:00,2025-09-08T00:05:44+08:00,Ta Kwu Ling,,,18.0,39.0,,,external_hko_20250907
2025-09-07T16:05:44+00:00,2025-09-08T00:05:44+08:00,Tai Mei Tuk,,,48.0,69.0,,,external_hko_20250907
2025-09-07T16:05:44+00:00,2025-09-08T00:05:44+08:00,Tai Po Kau,,,39.0,71.0,,,external_hko_20250907
2025-09-07T16:05:44+00:00,2025-09-08T00:05:44+08:00,Tap Mun,,,79.0,94.0,,,external_hko_20250907
2025-09-07T16:05:44+00:00,2025-09-08T00:05:44+08:00,Tate's Cairn,,,50.0,87.0,,,external_hko_20250907
2025-09-07T16:05:44+00:00,2025-09-08T00:05:44+08:00,Tseung Kwan O,,,29.0,69.0,,,external_hko_20250907
2025-09-07T16:05:44+00:00,2025-09-08T00:05:44+08:00,Tsing Yi,,,26.0,58.0,,,external_hko_20250907
2025-09-07T16:05:44+00:00,2025-09-08T00:05:44+08:00,Tuen Mun,,,26.0,53.0,,,external_hko_20250907
2025-09-07T16:05:44+00:00,2025-09-08T00:05:44+08:00,Waglan Island,,,84.0,102.0,,,external_hko_20250907
2025-09-07T16:05:44+00:00,2025-09-08T00:05:44+08:00,Wetland Park,,,26.0,57.0,,,external_hko_20250907
2025-09-07T16:05:44+00:00,2025-09-08T00:05:44+08:00,Wong Chuk Hang,,,30.0,68.0,,,external_hko_20250907
2025-09-07T16:16:03+00:00,2025-09-08T00:16:03+08:00,Central Pier,,,45.0,76.0,,,external_hko_20250907
2025-09-07T16:16:03+00:00,2025-09-08T00:16:03+08:00,Chek Lap Kok,,,48.0,80.0,,,external_hko_20250907
2025-09-07T16:16:03+00:00,2025-09-08T00:16:03+08:00,Cheung Chau,,,80.0,117.0,,,external_hko_20250907
2025-09-07T16:16:03+00:00,2025-09-08T00:16:03+08:00,Cheung Chau Beach,,,39.0,77.0,,,external_hko_20250907
2025-09-07T16:16:03+00:00,2025-09-08T00:16:03+08:00,Green Island,,,39.0,76.0,,,external_hko_20250907
2025-09-07T16:16:03+00:00,2025-09-08T00:16:03+08:00,Hong Kong Sea School,,,16.0,40.0,,,external_hko_20250907
2025-09-07T16:16:03+00:00,2025-09-08T00:16:03+08:00,Kai Tak,,,60.0,86.0,,,external_hko_20250907
2025-09-07T16:16:03+00:00,2025-09-08T00:16:03+08:00,King's Park,,,24.0,54.0,,,external_hko_20250907
2025-09-07T16:16:03+00:00,2025-09-08T00:16:03+08:00,Lamma Island,,,55.0,87.0,,,external_hko_20250907
2025-09-07T16:16:03+00:00,2025-09-08T00:16:03+08:00,Lau Fau Shan,,,32.0,55.0,,,external_hko_20250907
2025-09-07T16:16:03+00:00,2025-09-08T00:16:03+08:00,Ngong Ping,,,45.0,134.0,,,external_hko_20250907
2025-09-07T16:16:03+00:00,2025-09-08T00:16:03+08:00,North Point,,,14.0,30.0,,,external_hko_20250907
2025-09-07T16:16:03+00:00,2025-09-08T00:16:03+08:00,Peng Chau,,,48.0,75.0,,,external_hko_20250907
2025-09-07T16:16:03+00:00,2025-09-08T00:16:03+08:00,Sai Kung,,,55.0,73.0,,,external_hko_20250907
2025-09-07T16:16:03+00:00,2025-09-08T00:16:03+08:00,Sha Chau,,,55.0,68.0,,,external_hko_20250907
2025-09-07T16:16:03+00:00,2025-09-08T00:16:03+08:00,Sha Tin,,,26.0,59.0,,,external_hko_20250907
2025-09-07T16:16:03+00:00,2025-09-08T00:16:03+08:00,Shek Kong,,,19.0,60.0,,,external_hko_20250907
2025-09-07T16:16:03+00:00,2025-09-08T00:16:03+08:00,Stanley,,,68.0,94.0,,,external_hko_20250907
2025-09-07T16:16:03+00:00,2025-09-08T00:16:03+08:00,Star Ferry,,,49.0,73.0,,,external_hko_20250907
2025-09-07T16:16:03+00:00,2025-09-08T00:16:03+08:00,Ta Kwu Ling,,,25.0,51.0,,,external_hko_20250907
2025-09-07T16:16:03+00:00,2025-09-08T00:16:03+08:00,Tai Mei Tuk,,,45.0,68.0,,,external_hko_20250907
2025-09-07T16:16:03+00:00,2025-09-08T00:16:03+08:00,Tai Po Kau,,,47.0,83.0,,,external_hko_20250907
2025-09-07T16:16:03+00:00,2025-09-08T00:16:03+08:00,Tap Mun,,,80.0,98.0,,,external_hko_20250907
2025-09-07T16:16:03+00:00,2025-09-08T00:16:03+08:00,Tate's Cairn,,,58.0,95.0,,,external_hko_20250907
2025-09-07T16:16:03+00:00,2025-09-08T00:16:03+08:00,Tseung Kwan O,,,26.0,64.0,,,external_hko_20250907
2025-09-07T16:16:03+00:00,2025-09-08T00:16:03+08:00,Tsing Yi,,,24.0,51.0,,,external_hko_20250907
2025-09-07T16:16:03+00:00,2025-09-08T00:16:03+08:00,Tuen Mun,,,32.0,71.0,,,external_hko_20250907
2025-09-07T16:16:03+00:00,2025-09-08T00:16:03+08:00,Waglan Island,,,82.0,101.0,,,external_hko_20250907
2025-09-07T16:16:03+00:00,2025-09-08T00:16:03+08:00,Wetland Park,,,19.0,46.0,,,external_hko_20250907
2025-09-07T16:16:03+00:00,2025-09-08T00:16:03+08:00,Wong Chuk Hang,,,33.0,66.0,,,external_hko_20250907
2025-09-07T16:26:26+00:00,2025-09-08T00:26:26+08:00,Central Pier,,,32.0,74.0,,,external_hko_20250907
2025-09-07T16:26:26+00:00,2025-09-08T00:26:26+08:00,Chek Lap Kok,,,41.0,76.0,,,external_hko_20250907
2025-09-07T16:26:26+00:00,2025-09-08T00:26:26+08:00,Cheung Chau,,,74.0,100.0,,,external_hko_20250907
2025-09-07T16:26:26+00:00,2025-09-08T00:26:26+08:00,Cheung Chau Beach,,,40.0,82.0,,,external_hko_20250907
2025-09-07T16:26:26+00:00,2025-09-08T00:26:26+08:00,Green Island,,,60.0,103.0,,,external_hko_20250907
2025-09-07T16:26:26+00:00,2025-09-08T00:26:26+08:00,Hong Kong Sea School,,,13.0,46.0,,,external_hko_20250907
2025-09-07T16:26:26+00:00,2025-09-08T00:26:26+08:00,Kai Tak,,,57.0,97.0,,,external_hko_20250907
2025-09-07T16:26:26+00:00,2025-09-08T00:26:26+08:00,King's Park,,,28.0,72.0,,,external_hko_20250907
2025-09-07T16:26:26+00:00,2025-09-08T00:26:26+08:00,Lamma Island,,,58.0,84.0,,,external_hko_20250907
2025-09-07T16:26:26+00:00,2025-09-08T00:26:26+08:00,Lau Fau Shan,,,35.0,63.0,,,external_hko_20250907
2025-09-07T16:26:26+00:00,2025-09-08T00:26:26+08:00,Ngong Ping,,,58.0,117.0,,,external_hko_20250907
2025-09-07T16:26:26+00:00,2025-09-08T00:26:26+08:00,North Point,,,10.0,29.0,,,external_hko_20250907
2025-09-07T16:26:26+00:00,2025-09-08T00:26:26+08:00,Peng Chau,,,53.0,83.0,,,external_hko_20250907
2025-09-07T16:26:26+00:00,2025-09-08T00:26:26+08:00,Sai Kung,,,60.0,77.0,,,external_hko_20250907
2025-09-07T16:26:26+00:00,2025-09-08T00:26:26+08:00,Sha Chau,,,55.0,71.0,,,external_hko_20250907
2025-09-07T16:26:26+00:00,2025-09-08T00:26:26+08:00,Sha Tin,,,30.0,62.0,,,external_hko_20250907
2025-09-07T16:26:26+00:00,2025-09-08T00:26:26+08:00,Shek Kong,,,22.0,82.0,,,external_hko_20250907
2025-09-07T16:26:26+00:00,2025-09-08T00:26:26+08:00,Stanley,,,60.0,83.0,,,external_hko_20250907
2025-09-07T16:26:26+00:00,2025-09-08T00:26:26+08:00,Star Ferry,,,48.0,72.0,,,external_hko_20250907
2025-09-07T16:26:26+00:00,2025-09-08T00:26:26+08:00,Ta Kwu Ling,,,27.0,54.0,,,external_hko_20250907
2025-09-07T16:26:26+00:00,2025-09-08T00:26:26+08:00,Tai Mei Tuk,,,53.0,83.0,,,external_hko_20250907
2025-09-07T16:26:26+00:00,2025-09-08T00:26:26+08:00,Tai Po Kau,,,41.0,60.0,,,external_hko_20250907
2025-09-07T16:26:26+00:00,2025-09-08T00:26:26+08:00,Tap Mun,,,80.0,102.0,,,external_hko_20250907
2025-09-07T16:26:26+00:00,2025-09-08T00:26:26+08:00,Tate's Cairn,,,57.0,91.0,,,external_hko_20250907
2025-09-07T16:26:26+00:00,2025-09-08T00:26:26+08:00,Tseung Kwan O,,,30.0,72.0,,,external_hko_20250907
2025-09-07T16:26:26+00:00,2025-09-08T00:26:26+08:00,Tsing Yi,,,36.0,62.0,,,external_hko_20250907
2025-09-07T16:26:26+00:00,2025-09-08T00:26:26+08:00,Tuen Mun,,,32.0,67.0,,,external_hko_20250907
2025-09-07T16:26:26+00:00,2025-09-08T00:26:26+08:00,Waglan Island,,,84.0,98.0,,,external_hko_20250907
2025-09-07T16:26:26+00:00,2025-09-08T00:26:26+08:00,Wetland Park,,,18.0,37.0,,,external_hko_20250907
2025-09-07T16:26:26+00:00,2025-09-08T00:26:26+08:00,Wong Chuk Hang,,,27.0,68.0,,,external_hko_20250907
2025-09-07T16:36:45+00:00,2025-09-08T00:36:45+08:00,Central Pier,,,30.0,77.0,,,external_hko_20250907
2025-09-07T16:36:45+00:00,2025-09-08T00:36:45+08:00,Chek Lap Kok,,,47.0,71.0,,,external_hko_20250907
2025-09-07T16:36:45+00:00,2025-09-08T00:36:45+08:00,Cheung Chau,,,69.0,90.0,,,external_hko_20250907
2025-09-07T16:36:45+00:00,2025-09-08T00:36:45+08:00,Cheung Chau Beach,,,37.0,75.0,,,external_hko_20250907
2025-09-07T16:36:45+00:00,2025-09-08T00:36:45+08:00,Green Island,,,64.0,95.0,,,external_hko_20250907
2025-09-07T16:36:45+00:00,2025-09-08T00:36:45+08:00,Hong Kong Sea School,,,8.0,22.0,,,external_hko_20250907
2025-09-07T16:36:45+00:00,2025-09-08T00:36:45+08:00,Kai Tak,,,46.0,75.0,,,external_hko_20250907
2025-09-07T16:36:45+00:00,2025-09-08T00:36:45+08:00,King's Park,,,26.0,58.0,,,external_hko_20250907
2025-09-07T16:36:45+00:00,2025-09-08T00:36:45+08:00,Lamma Island,,,53.0,82.0,,,external_hko_20250907
2025-09-07T16:36:45+00:00,2025-09-08T00:36:45+08:00,Lau Fau Shan,,,37.0,67.0,,,external_hko_20250907
2025-09-07T16:36:45+00:00,2025-09-08T00:36:45+08:00,Ngong Ping,,,53.0,121.0,,,external_hko_20250907
2025-09-07T16:36:45+00:00,2025-09-08T00:36:45+08:00,North Point,,,9.0,35.0,,,external_hko_20250907
2025-09-07T16:36:45+00:00,2025-09-08T00:36:45+08:00,Peng Chau,,,45.0,79.0,,,external_hko_20250907
2025-09-07T16:36:45+00:00,2025-09-08T00:36:45+08:00,Sai Kung,,,51.0,70.0,,,external_hko_20250907
2025-09-07T16:36:45+00:00,2025-09-08T00:36:45+08:00,Sha Chau,,,66.0,99.0,,,external_hko_20250907
2025-09-07T16:36:45+00:00,2025-09-08T00:36:45+08:00,Sha Tin,,,30.0,50.0,,,external_hko_20250907
2025-09-07T16:36:45+00:00,2025-09-08T00:36:45+08:00,Shek Kong,,,27.0,70.0,,,external_hko_20250907
2025-09-07T16:36:45+00:00,2025-09-08T00:36:45+08:00,Stanley,,,48.0,64.0,,,external_hko_20250907
2025-09-07T16:36:45+00:00,2025-09-08T00:36:45+08:00,Star Ferry,,,36.0,68.0,,,external_hko_20250907
2025-09-07T16:36:45+00:00,2025-09-08T00:36:45+08:00,Ta Kwu Ling,,,30.0,65.0,,,external_hko_20250907
2025-09-07T16:36:45+00:00,2025-09-08T00:36:45+08:00,Tai Mei Tuk,,,45.0,77.0,,,external_hko_20250907
2025-09-07T16:36:45+00:00,2025-09-08T00:36:45+08:00,Tai Po Kau,,,37.0,63.0,,,external_hko_20250907
2025-09-07T16:36:45+00:00,2025-09-08T00:36:45+08:00,Tap Mun,,,76.0,93.0,,,external_hko_20250907
2025-09-07T16:36:45+00:00,2025-09-08T00:36:45+08:00,Tate's Cairn,,,55.0,76.0,,,external_hko_20250907
2025-09-07T16:36:45+00:00,2025-09-08T00:36:45+08:00,Tseung Kwan O,,,24.0,54.0,,,external_hko_20250907
2025-09-07T16:36:45+00:00,2025-09-08T00:36:45+08:00,Tsing Yi,,,45.0,73.0,,,external_hko_20250907
2025-09-07T16:36:45+00:00,2025-09-08T00:36:45+08:00,Tuen Mun,,,36.0,77.0,,,external_hko_20250907
2025-09-07T16:36:45+00:00,2025-09-08T00:36:45+08:00,Waglan Island,,,86.0,101.0,,,external_hko_20250907
2025-09-07T16:36:45+00:00,2025-09-08T00:36:45+08:00,Wetland Park,,,17.0,40.0,,,external_hko_20250907
2025-09-07T16:36:45+00:00,2025-09-08T00:36:45+08:00,Wong Chuk Hang,,,19.0,34.0,,,external_hko_20250907
2025-09-07T16:47:04+00:00,2025-09-08T00:47:04+08:00,Central Pier,,,30.0,62.0,,,external_hko_20250907
2025-09-07T16:47:04+00:00,2025-09-08T00:47:04+08:00,Chek Lap Kok,,,64.0,89.0,,,external_hko_20250907
2025-09-07T16:47:04+00:00,2025-09-08T00:47:04+08:00,Cheung Chau,,,60.0,88.0,,,external_hko_20250907
2025-09-07T16:47:04+00:00,2025-09-08T00:47:04+08:00,Cheung Chau Beach,,,27.0,48.0,,,external_hko_20250907
2025-09-07T16:47:04+00:00,2025-09-08T00:47:04+08:00,Green Island,,,50.0,78.0,,,external_hko_20250907
2025-09-07T16:47:04+00:00,2025-09-08T00:47:04+08:00,Hong Kong Sea School,,,8.0,36.0,,,external_hko_20250907
2025-09-07T16:47:04+00:00,2025-09-08T00:47:04+08:00,Kai Tak,,,43.0,74.0,,,external_hko_20250907
2025-09-07T16:47:04+00:00,2025-09-08T00:47:04+08:00,King's Park,,,27.0,47.0,,,external_hko_20250907
2025-09-07T16:47:04+00:00,2025-09-08T00:47:04+08:00,Lamma Island,,,43.0,66.0,,,external_hko_20250907
2025-09-07T16:47:04+00:00,2025-09-08T00:47:04+08:00,Lau Fau Shan,,,46.0,87.0,,,external_hko_20250907
2025-09-07T16:47:04+00:00,2025-09-08T00:47:04+08:00,Ngong Ping,,,79.0,145.0,,,external_hko_20250907
2025-09-07T16:47:04+00:00,2025-09-08T00:47:04+08:00,North Point,,,6.0,25.0,,,external_hko_20250907
2025-09-07T16:47:04+00:00,2025-09-08T00:47:04+08:00,Peng Chau,,,46.0,76.0,,,external_hko_20250907
2025-09-07T16:47:04+00:00,2025-09-08T00:47:04+08:00,Sai Kung,,,55.0,71.0,,,external_hko_20250907
2025-09-07T16:47:04+00:00,2025-09-08T00:47:04+08:00,Sha Chau,,,67.0,110.0,,,external_hko_20250907
2025-09-07T16:47:04+00:00,2025-09-08T00:47:04+08:00,Sha Tin,,,28.0,55.0,,,external_hko_20250907
2025-09-07T16:47:04+00:00,2025-09-08T00:47:04+08:00,Shek Kong,,,14.0,37.0,,,external_hko_20250907
2025-09-07T16:47:04+00:00,2025-09-08T00:47:04+08:00,Stanley,,,54.0,74.0,,,external_hko_20250907
2025-09-07T16:47:04+00:00,2025-09-08T00:47:04+08:00,Star Ferry,,,35.0,70.0,,,external_hko_20250907
2025-09-07T16:47:04+00:00,2025-09-08T00:47:04+08:00,Ta Kwu Ling,,,25.0,47.0,,,external_hko_20250907
2025-09-07T16:47:04+00:00,2025-09-08T00:47:04+08:00,Tai Mei Tuk,,,39.0,56.0,,,external_hko_20250907
2025-09-07T16:47:04+00:00,2025-09-08T00:47:04+08:00,Tai Po Kau,,,32.0,60.0,,,external_hko_20250907
2025-09-07T16:47:04+00:00,2025-09-08T00:47:04+08:00,Tap Mun,,,73.0,89.0,,,external_hko_20250907
2025-09-07T16:47:04+00:00,2025-09-08T00:47:04+08:00,Tate's Cairn,,,51.0,85.0,,,external_hko_20250907
2025-09-07T16:47:04+00:00,2025-09-08T00:47:04+08:00,Tseung Kwan O,,,23.0,59.0,,,external_hko_20250907
2025-09-07T16:47:04+00:00,2025-09-08T00:47:04+08:00,Tsing Yi,,,46.0,73.0,,,external_hko_20250907
2025-09-07T16:47:04+00:00,2025-09-08T00:47:04+08:00,Tuen Mun,,,36.0,64.0,,,external_hko_20250907
2025-09-07T16:47:04+00:00,2025-09-08T00:47:04+08:00,Waglan Island,,,86.0,102.0,,,external_hko_20250907
2025-09-07T16:47:04+00:00,2025-09-08T00:47:04+08:00,Wetland Park,,,21.0,46.0,,,external_hko_20250907
2025-09-07T16:47:04+00:00,2025-09-08T00:47:04+08:00,Wong Chuk Hang,,,12.0,30.0,,,external_hko_20250907
2025-09-07T16:57:26+00:00,2025-09-08T00:57:26+08:00,Central Pier,,,25.0,44.0,,,external_hko_20250907
2025-09-07T16:57:26+00:00,2025-09-08T00:57:26+08:00,Chek Lap Kok,,,51.0,81.0,,,external_hko_20250907
2025-09-07T16:57:26+00:00,2025-09-08T00:57:26+08:00,Cheung Chau,,,72.0,95.0,,,external_hko_20250907
2025-09-07T16:57:26+00:00,2025-09-08T00:57:26+08:00,Cheung Chau Beach,,,34.0,62.0,,,external_hko_20250907
2025-09-07T16:57:26+00:00,2025-09-08T00:57:26+08:00,Green Island,,,37.0,80.0,,,external_hko_20250907
2025-09-07T16:57:26+00:00,2025-09-08T00:57:26+08:00,Hong Kong Sea School,,,12.0,56.0,,,external_hko_20250907
2025-09-07T16:57:26+00:00,2025-09-08T00:57:26+08:00,Kai Tak,,,53.0,79.0,,,external_hko_20250907
2025-09-07T16:57:26+00:00,2025-09-08T00:57:26+08:00,King's Park,,,19.0,46.0,,,external_hko_20250907
2025-09-07T16:57:26+00:00,2025-09-08T00:57:26+08:00,Lamma Island,,,43.0,66.0,,,external_hko_20250907
2025-09-07T16:57:26+00:00,2025-09-08T00:57:26+08:00,Lau Fau Shan,,,42.0,64.0,,,external_hko_20250907
2025-09-07T16:57:26+00:00,2025-09-08T00:57:26+08:00,Ngong Ping,,,55.0,116.0,,,external_hko_20250907
2025-09-07T16:57:26+00:00,2025-09-08T00:57:26+08:00,North Point,,,16.0,39.0,,,external_hko_20250907
2025-09-07T16:57:26+00:00,2025-09-08T00:57:26+08:00,Peng Chau,,,34.0,51.0,,,external_hko_20250907
2025-09-07T16:57:26+00:00,2025-09-08T00:57:26+08:00,Sai Kung,,,68.0,90.0,,,external_hko_20250907
2025-09-07T16:57:26+00:00,2025-09-08T00:57:26+08:00,Sha Chau,,,64.0,83.0,,,external_hko_20250907
2025-09-07T16:57:26+00:00,2025-09-08T00:57:26+08:00,Sha Tin,,,30.0,55.0,,,external_hko_20250907
2025-09-07T16:57:26+00:00,2025-09-08T00:57:26+08:00,Shek Kong,,,12.0,43.0,,,external_hko_20250907
2025-09-07T16:57:26+00:00,2025-09-08T00:57:26+08:00,Stanley,,,61.0,87.0,,,external_hko_20250907
2025-09-07T16:57:26+00:00,2025-09-08T00:57:26+08:00,Star Ferry,,,37.0,65.0,,,external_hko_20250907
2025-09-07T16:57:26+00:00,2025-09-08T00:57:26+08:00,Ta Kwu Ling,,,22.0,58.0,,,external_hko_20250907
2025-09-07T16:57:26+00:00,2025-09-08T00:57:26+08:00,Tai Mei Tuk,,,45.0,67.0,,,external_hko_20250907
2025-09-07T16:57:26+00:00,2025-09-08T00:57:26+08:00,Tai Po Kau,,,36.0,72.0,,,external_hko_20250907
2025-09-07T16:57:26+00:00,2025-09-08T00:57:26+08:00,Tap Mun,,,74.0,92.0,,,external_hko_20250907
2025-09-07T16:57:26+00:00,2025-09-08T00:57:26+08:00,Tate's Cairn,,,65.0,97.0,,,external_hko_20250907
2025-09-07T16:57:26+00:00,2025-09-08T00:57:26+08:00,Tseung Kwan O,,,16.0,63.0,,,external_hko_20250907
2025-09-07T16:57:26+00:00,2025-09-08T00:57:26+08:00,Tsing Yi,,,32.0,64.0,,,external_hko_20250907
2025-09-07T16:57:26+00:00,2025-09-08T00:57:26+08:00,Tuen Mun,,,26.0,55.0,,,external_hko_20250907
2025-09-07T16:57:26+00:00,2025-09-08T00:57:26+08:00,Waglan Island,,,79.0,89.0,,,external_hko_20250907
2025-09-07T16:57:26+00:00,2025-09-08T00:57:26+08:00,Wetland Park,,,16.0,39.0,,,external_hko_20250907
2025-09-07T16:57:26+00:00,2025-09-08T00:57:26+08:00,Wong Chuk Hang,,,19.0,53.0,,,external_hko_20250907
2025-09-07T17:07:45+00:00,2025-09-08T01:07:45+08:00,Central Pier,,,21.0,44.0,,,external_hko_20250907
2025-09-07T17:07:45+00:00,2025-09-08T01:07:45+08:00,Chek Lap Kok,,,51.0,75.0,,,external_hko_20250907
2025-09-07T17:07:45+00:00,2025-09-08T01:07:45+08:00,Cheung Chau,,,71.0,103.0,,,external_hko_20250907
2025-09-07T17:07:45+00:00,2025-09-08T01:07:45+08:00,Cheung Chau Beach,,,35.0,72.0,,,external_hko_20250907
2025-09-07T17:07:45+00:00,2025-09-08T01:07:45+08:00,Green Island,,,41.0,72.0,,,external_hko_20250907
2025-09-07T17:07:45+00:00,2025-09-08T01:07:45+08:00,Hong Kong Sea School,,,10.0,32.0,,,external_hko_20250907
2025-09-07T17:07:45+00:00,2025-09-08T01:07:45+08:00,Kai Tak,,,54.0,76.0,,,external_hko_20250907
2025-09-07T17:07:45+00:00,2025-09-08T01:07:45+08:00,King's Park,,,29.0,59.0,,,external_hko_20250907
2025-09-07T17:07:45+00:00,2025-09-08T01:07:45+08:00,Lamma Island,,,51.0,74.0,,,external_hko_20250907
2025-09-07T17:07:45+00:00,2025-09-08T01:07:45+08:00,Lau Fau Shan,,,35.0,60.0,,,external_hko_20250907
2025-09-07T17:07:45+00:00,2025-09-08T01:07:45+08:00,Ngong Ping,,,80.0,125.0,,,external_hko_20250907
2025-09-07T17:07:45+00:00,2025-09-08T01:07:45+08:00,North Point,,,13.0,39.0,,,external_hko_20250907
2025-09-07T17:07:45+00:00,2025-09-08T01:07:45+08:00,Peng Chau,,,34.0,62.0,,,external_hko_20250907
2025-09-07T17:07:45+00:00,2025-09-08T01:07:45+08:00,Sai Kung,,,69.0,86.0,,,external_hko_20250907
2025-09-07T17:07:45+00:00,2025-09-08T01:07:45+08:00,Sha Chau,,,62.0,87.0,,,external_hko_20250907
2025-09-07T17:07:45+00:00,2025-09-08T01:07:45+08:00,Sha Tin,,,20.0,56.0,,,external_hko_20250907
2025-09-07T17:07:45+00:00,2025-09-08T01:07:45+08:00,Shek Kong,,,12.0,42.0,,,external_hko_20250907
2025-09-07T17:07:45+00:00,2025-09-08T01:07:45+08:00,Stanley,,,66.0,87.0,,,external_hko_20250907
2025-09-07T17:07:45+00:00,2025-09-08T01:07:45+08:00,Star Ferry,,,39.0,67.0,,,external_hko_20250907
2025-09-07T17:07:45+00:00,2025-09-08T01:07:45+08:00,Ta Kwu Ling,,,20.0,53.0,,,external_hko_20250907
2025-09-07T17:07:45+00:00,2025-09-08T01:07:45+08:00,Tai Mei Tuk,,,30.0,70.0,,,external_hko_20250907
2025-09-07T17:07:45+00:00,2025-09-08T01:07:45+08:00,Tai Po Kau,,,47.0,89.0,,,external_hko_20250907
2025-09-07T17:07:45+00:00,2025-09-08T01:07:45+08:00,Tap Mun,,,81.0,103.0,,,external_hko_20250907
2025-09-07T17:07:45+00:00,2025-09-08T01:07:45+08:00,Tate's Cairn,,,67.0,103.0,,,external_hko_20250907
2025-09-07T17:07:45+00:00,2025-09-08T01:07:45+08:00,Tseung Kwan O,,,14.0,36.0,,,external_hko_20250907
2025-09-07T17:07:45+00:00,2025-09-08T01:07:45+08:00,Tsing Yi,,,24.0,56.0,,,external_hko_20250907
2025-09-07T17:07:45+00:00,2025-09-08T01:07:45+08:00,Tuen Mun,,,22.0,53.0,,,external_hko_20250907
2025-09-07T17:07:45+00:00,2025-09-08T01:07:45+08:00,Waglan Island,,,74.0,90.0,,,external_hko_20250907
2025-09-07T17:07:45+00:00,2025-09-08T01:07:45+08:00,Wetland Park,,,17.0,42.0,,,external_hko_20250907
2025-09-07T17:07:45+00:00,2025-09-08T01:07:45+08:00,Wong Chuk Hang,,,24.0,66.0,,,external_hko_20250907
2025-09-07T17:18:04+00:00,2025-09-08T01:18:04+08:00,Central Pier,,,22.0,50.0,,,external_hko_20250907
2025-09-07T17:18:04+00:00,2025-09-08T01:18:04+08:00,Chek Lap Kok,,,46.0,72.0,,,external_hko_20250907
2025-09-07T17:18:04+00:00,2025-09-08T01:18:04+08:00,Cheung Chau,,,69.0,88.0,,,external_hko_20250907
2025-09-07T17:18:04+00:00,2025-09-08T01:18:04+08:00,Cheung Chau Beach,,,37.0,64.0,,,external_hko_20250907
2025-09-07T17:18:04+00:00,2025-09-08T01:18:04+08:00,Green Island,,,51.0,89.0,,,external_hko_20250907
2025-09-07T17:18:04+00:00,2025-09-08T01:18:04+08:00,Hong Kong Sea School,,,11.0,35.0,,,external_hko_20250907
2025-09-07T17:18:04+00:00,2025-09-08T01:18:04+08:00,Kai Tak,,,48.0,69.0,,,external_hko_20250907
2025-09-07T17:18:04+00:00,2025-09-08T01:18:04+08:00,King's Park,,,28.0,57.0,,,external_hko_20250907
2025-09-07T17:18:04+00:00,2025-09-08T01:18:04+08:00,Lamma Island,,,48.0,76.0,,,external_hko_20250907
2025-09-07T17:18:04+00:00,2025-09-08T01:18:04+08:00,Lau Fau Shan,,,34.0,55.0,,,external_hko_20250907
2025-09-07T17:18:04+00:00,2025-09-08T01:18:04+08:00,Ngong Ping,,,68.0,121.0,,,external_hko_20250907
2025-09-07T17:18:04+00:00,2025-09-08T01:18:04+08:00,North Point,,,16.0,40.0,,,external_hko_20250907
2025-09-07T17:18:04+00:00,2025-09-08T01:18:04+08:00,Peng Chau,,,47.0,77.0,,,external_hko_20250907
2025-09-07T17:18:04+00:00,2025-09-08T01:18:04+08:00,Sai Kung,,,63.0,82.0,,,external_hko_20250907
2025-09-07T17:18:04+00:00,2025-09-08T01:18:04+08:00,Sha Chau,,,63.0,96.0,,,external_hko_20250907
2025-09-07T17:18:04+00:00,2025-09-08T01:18:04+08:00,Sha Tin,,,21.0,56.0,,,external_hko_20250907
2025-09-07T17:18:04+00:00,2025-09-08T01:18:04+08:00,Shek Kong,,,12.0,56.0,,,external_hko_20250907
2025-09-07T17:18:04+00:00,2025-09-08T01:18:04+08:00,Stanley,,,60.0,80.0,,,external_hko_20250907
2025-09-07T17:18:04+00:00,2025-09-08T01:18:04+08:00,Star Ferry,,,42.0,68.0,,,external_hko_20250907
2025-09-07T17:18:04+00:00,2025-09-08T01:18:04+08:00,Ta Kwu Ling,,,33.0,64.0,,,external_hko_20250907
2025-09-07T17:18:04+00:00,2025-09-08T01:18:04+08:00,Tai Mei Tuk,,,24.0,65.0,,,external_hko_20250907
2025-09-07T17:18:04+00:00,2025-09-08T01:18:04+08:00,Tai Po Kau,,,36.0,66.0,,,external_hko_20250907
2025-09-07T17:18:04+00:00,2025-09-08T01:18:04+08:00,Tap Mun,,,68.0,99.0,,,external_hko_20250907
2025-09-07T17:18:04+00:00,2025-09-08T01:18:04+08:00,Tate's Cairn,,,61.0,96.0,,,external_hko_20250907
2025-09-07T17:18:04+00:00,2025-09-08T01:18:04+08:00,Tseung Kwan O,,,11.0,24.0,,,external_hko_20250907
2025-09-07T17:18:04+00:00,2025-09-08T01:18:04+08:00,Tsing Yi,,,26.0,71.0,,,external_hko_20250907
2025-09-07T17:18:04+00:00,2025-09-08T01:18:04+08:00,Tuen Mun,,,32.0,62.0,,,external_hko_20250907
2025-09-07T17:18:04+00:00,2025-09-08T01:18:04+08:00,Waglan Island,,,76.0,87.0,,,external_hko_20250907
2025-09-07T17:18:04+00:00,2025-09-08T01:18:04+08:00,Wetland Park,,,14.0,46.0,,,external_hko_20250907
2025-09-07T17:18:04+00:00,2025-09-08T01:18:04+08:00,Wong Chuk Hang,,,20.0,60.0,,,external_hko_20250907
2025-09-07T17:28:24+00:00,2025-09-08T01:28:24+08:00,Central Pier,,,22.0,39.0,,,external_hko_20250907
2025-09-07T17:28:24+00:00,2025-09-08T01:28:24+08:00,Chek Lap Kok,,,46.0,76.0,,,external_hko_20250907
2025-09-07T17:28:24+00:00,2025-09-08T01:28:24+08:00,Cheung Chau,,,70.0,91.0,,,external_hko_20250907
2025-09-07T17:28:24+00:00,2025-09-08T01:28:24+08:00,Cheung Chau Beach,,,31.0,58.0,,,external_hko_20250907
2025-09-07T17:28:24+00:00,2025-09-08T01:28:24+08:00,Green Island,,,41.0,68.0,,,external_hko_20250907
2025-09-07T17:28:24+00:00,2025-09-08T01:28:24+08:00,Hong Kong Sea School,,,12.0,38.0,,,external_hko_20250907
2025-09-07T17:28:24+00:00,2025-09-08T01:28:24+08:00,Kai Tak,,,44.0,62.0,,,external_hko_20250907
2025-09-07T17:28:24+00:00,2025-09-08T01:28:24+08:00,King's Park,,,26.0,58.0,,,external_hko_20250907
2025-09-07T17:28:24+00:00,2025-09-08T01:28:24+08:00,Lamma Island,,,42.0,64.0,,,external_hko_20250907
2025-09-07T17:28:24+00:00,2025-09-08T01:28:24+08:00,Lau Fau Shan,,,35.0,67.0,,,external_hko_20250907
2025-09-07T17:28:24+00:00,2025-09-08T01:28:24+08:00,Ngong Ping,,,85.0,140.0,,,external_hko_20250907
2025-09-07T17:28:24+00:00,2025-09-08T01:28:24+08:00,North Point,,,12.0,40.0,,,external_hko_20250907
2025-09-07T17:28:24+00:00,2025-09-08T01:28:24+08:00,Peng Chau,,,46.0,78.0,,,external_hko_20250907
2025-09-07T17:28:24+00:00,2025-09-08T01:28:24+08:00,Sai Kung,,,67.0,87.0,,,external_hko_20250907
2025-09-07T17:28:24+00:00,2025-09-08T01:28:24+08:00,Sha Chau,,,54.0,80.0,,,external_hko_20250907
2025-09-07T17:28:24+00:00,2025-09-08T01:28:24+08:00,Sha Tin,,,27.0,68.0,,,external_hko_20250907
2025-09-07T17:28:24+00:00,2025-09-08T01:28:24+08:00,Shek Kong,,,18.0,53.0,,,external_hko_20250907
2025-09-07T17:28:24+00:00,2025-09-08T01:28:24+08:00,Stanley,,,59.0,79.0,,,external_hko_20250907
2025-09-07T17:28:24+00:00,2025-09-08T01:28:24+08:00,Star Ferry,,,37.0,71.0,,,external_hko_20250907
2025-09-07T17:28:24+00:00,2025-09-08T01:28:24+08:00,Ta Kwu Ling,,,23.0,43.0,,,external_hko_20250907
2025-09-07T17:28:24+00:00,2025-09-08T01:28:24+08:00,Tai Mei Tuk,,,22.0,61.0,,,external_hko_20250907
2025-09-07T17:28:24+00:00,2025-09-08T01:28:24+08:00,Tai Po Kau,,,40.0,72.0,,,external_hko_20250907
2025-09-07T17:28:24+00:00,2025-09-08T01:28:24+08:00,Tap Mun,,,65.0,98.0,,,external_hko_20250907
2025-09-07T17:28:24+00:00,2025-09-08T01:28:24+08:00,Tate's Cairn,,,62.0,94.0,,,external_hko_20250907
2025-09-07T17:28:24+00:00,2025-09-08T01:28:24+08:00,Tseung Kwan O,,,14.0,48.0,,,external_hko_20250907
2025-09-07T17:28:24+00:00,2025-09-08T01:28:24+08:00,Tsing Yi,,,33.0,68.0,,,external_hko_20250907
2025-09-07T17:28:24+00:00,2025-09-08T01:28:24+08:00,Tuen Mun,,,30.0,64.0,,,external_hko_20250907
2025-09-07T17:28:24+00:00,2025-09-08T01:28:24+08:00,Waglan Island,,,67.0,84.0,,,external_hko_20250907
2025-09-07T17:28:24+00:00,2025-09-08T01:28:24+08:00,Wetland Park,,,19.0,49.0,,,external_hko_20250907
2025-09-07T17:28:24+00:00,2025-09-08T01:28:24+08:00,Wong Chuk Hang,,,17.0,42.0,,,external_hko_20250907
2025-09-07T17:38:43+00:00,2025-09-08T01:38:43+08:00,Central Pier,,,24.0,51.0,,,external_hko_20250907
2025-09-07T17:38:43+00:00,2025-09-08T01:38:43+08:00,Chek Lap Kok,,,54.0,74.0,,,external_hko_20250907
2025-09-07T17:38:43+00:00,2025-09-08T01:38:43+08:00,Cheung Chau,,,58.0,75.0,,,external_hko_20250907
2025-09-07T17:38:43+00:00,2025-09-08T01:38:43+08:00,Cheung Chau Beach,,,24.0,51.0,,,external_hko_20250907
2025-09-07T17:38:43+00:00,2025-09-08T01:38:43+08:00,Green Island,,,39.0,78.0,,,external_hko_20250907
2025-09-07T17:38:43+00:00,2025-09-08T01:38:43+08:00,Hong Kong Sea School,,,12.0,32.0,,,external_hko_20250907
2025-09-07T17:38:43+00:00,2025-09-08T01:38:43+08:00,Kai Tak,,,53.0,74.0,,,external_hko_20250907
2025-09-07T17:38:43+00:00,2025-09-08T01:38:43+08:00,King's Park,,,29.0,62.0,,,external_hko_20250907
2025-09-07T17:38:43+00:00,2025-09-08T01:38:43+08:00,Lamma Island,,,46.0,69.0,,,external_hko_20250907
2025-09-07T17:38:43+00:00,2025-09-08T01:38:43+08:00,Lau Fau Shan,,,39.0,59.0,,,external_hko_20250907
2025-09-07T17:38:43+00:00,2025-09-08T01:38:43+08:00,Ngong Ping,,,78.0,126.0,,,external_hko_20250907
2025-09-07T17:38:43+00:00,2025-09-08T01:38:43+08:00,North Point,,,11.0,26.0,,,external_hko_20250907
2025-09-07T17:38:43+00:00,2025-09-08T01:38:43+08:00,Peng Chau,,,43.0,78.0,,,external_hko_20250907
2025-09-07T17:38:43+00:00,2025-09-08T01:38:43+08:00,Sai Kung,,,64.0,87.0,,,external_hko_20250907
2025-09-07T17:38:43+00:00,2025-09-08T01:38:43+08:00,Sha Chau,,,63.0,89.0,,,external_hko_20250907
2025-09-07T17:38:43+00:00,2025-09-08T01:38:43+08:00,Sha Tin,,,28.0,62.0,,,external_hko_20250907
2025-09-07T17:38:43+00:00,2025-09-08T01:38:43+08:00,Shek Kong,,,14.0,30.0,,,external_hko_20250907
2025-09-07T17:38:43+00:00,2025-09-08T01:38:43+08:00,Stanley,,,60.0,78.0,,,external_hko_20250907
2025-09-07T17:38:43+00:00,2025-09-08T01:38:43+08:00,Star Ferry,,,40.0,60.0,,,external_hko_20250907
2025-09-07T17:38:43+00:00,2025-09-08T01:38:43+08:00,Ta Kwu Ling,,,22.0,40.0,,,external_hko_20250907
2025-09-07T17:38:43+00:00,2025-09-08T01:38:43+08:00,Tai Mei Tuk,,,25.0,74.0,,,external_hko_20250907
2025-09-07T17:38:43+00:00,2025-09-08T01:38:43+08:00,Tai Po Kau,,,36.0,64.0,,,external_hko_20250907
2025-09-07T17:38:43+00:00,2025-09-08T01:38:43+08:00,Tap Mun,,,54.0,91.0,,,external_hko_20250907
2025-09-07T17:38:43+00:00,2025-09-08T01:38:43+08:00,Tate's Cairn,,,62.0,105.0,,,external_hko_20250907
2025-09-07T17:38:43+00:00,2025-09-08T01:38:43+08:00,Tseung Kwan O,,,12.0,29.0,,,external_hko_20250907
2025-09-07T17:38:43+00:00,2025-09-08T01:38:43+08:00,Tsing Yi,,,19.0,40.0,,,external_hko_20250907
2025-09-07T17:38:43+00:00,2025-09-08T01:38:43+08:00,Tuen Mun,,,28.0,51.0,,,external_hko_20250907
2025-09-07T17:38:43+00:00,2025-09-08T01:38:43+08:00,Waglan Island,,,86.0,103.0,,,external_hko_20250907
2025-09-07T17:38:43+00:00,2025-09-08T01:38:43+08:00,Wetland Park,,,18.0,51.0,,,external_hko_20250907
2025-09-07T17:38:43+00:00,2025-09-08T01:38:43+08:00,Wong Chuk Hang,,,24.0,67.0,,,external_hko_20250907
2025-09-07T17:49:02+00:00,2025-09-08T01:49:02+08:00,Central Pier,,,23.0,46.0,,,external_hko_20250907
2025-09-07T17:49:02+00:00,2025-09-08T01:49:02+08:00,Chek Lap Kok,,,51.0,73.0,,,external_hko_20250907
2025-09-07T17:49:02+00:00,2025-09-08T01:49:02+08:00,Cheung Chau,,,59.0,81.0,,,external_hko_20250907
2025-09-07T17:49:02+00:00,2025-09-08T01:49:02+08:00,Cheung Chau Beach,,,23.0,51.0,,,external_hko_20250907
2025-09-07T17:49:02+00:00,2025-09-08T01:49:02+08:00,Green Island,,,51.0,92.0,,,external_hko_20250907
2025-09-07T17:49:02+00:00,2025-09-08T01:49:02+08:00,Hong Kong Sea School,,,9.0,35.0,,,external_hko_20250907
2025-09-07T17:49:02+00:00,2025-09-08T01:49:02+08:00,Kai Tak,,,50.0,84.0,,,external_hko_20250907
2025-09-07T17:49:02+00:00,2025-09-08T01:49:02+08:00,King's Park,,,25.0,43.0,,,external_hko_20250907
2025-09-07T17:49:02+00:00,2025-09-08T01:49:02+08:00,Lamma Island,,,33.0,56.0,,,external_hko_20250907
2025-09-07T17:49:02+00:00,2025-09-08T01:49:02+08:00,Lau Fau Shan,,,35.0,61.0,,,external_hko_20250907
2025-09-07T17:49:02+00:00,2025-09-08T01:49:02+08:00,Ngong Ping,,,76.0,127.0,,,external_hko_20250907
2025-09-07T17:49:02+00:00,2025-09-08T01:49:02+08:00,North Point,,,12.0,24.0,,,external_hko_20250907
2025-09-07T17:49:02+00:00,2025-09-08T01:49:02+08:00,Peng Chau,,,41.0,75.0,,,external_hko_20250907
2025-09-07T17:49:02+00:00,2025-09-08T01:49:02+08:00,Sai Kung,,,61.0,89.0,,,external_hko_20250907
2025-09-07T17:49:02+00:00,2025-09-08T01:49:02+08:00,Sha Chau,,,59.0,79.0,,,external_hko_20250907
2025-09-07T17:49:02+00:00,2025-09-08T01:49:02+08:00,Sha Tin,,,32.0,58.0,,,external_hko_20250907
2025-09-07T17:49:02+00:00,2025-09-08T01:49:02+08:00,Shek Kong,,,23.0,54.0,,,external_hko_20250907
2025-09-07T17:49:02+00:00,2025-09-08T01:49:02+08:00,Stanley,,,68.0,91.0,,,external_hko_20250907
2025-09-07T17:49:02+00:00,2025-09-08T01:49:02+08:00,Star Ferry,,,37.0,65.0,,,external_hko_20250907
2025-09-07T17:49:02+00:00,2025-09-08T01:49:02+08:00,Ta Kwu Ling,,,26.0,53.0,,,external_hko_20250907
2025-09-07T17:49:02+00:00,2025-09-08T01:49:02+08:00,Tai Mei Tuk,,,18.0,50.0,,,external_hko_20250907
2025-09-07T17:49:02+00:00,2025-09-08T01:49:02+08:00,Tai Po Kau,,,43.0,93.0,,,external_hko_20250907
2025-09-07T17:49:02+00:00,2025-09-08T01:49:02+08:00,Tap Mun,,,62.0,106.0,,,external_hko_20250907
2025-09-07T17:49:02+00:00,2025-09-08T01:49:02+08:00,Tate's Cairn,,,66.0,99.0,,,external_hko_20250907
2025-09-07T17:49:02+00:00,2025-09-08T01:49:02+08:00,Tseung Kwan O,,,14.0,36.0,,,external_hko_20250907
2025-09-07T17:49:02+00:00,2025-09-08T01:49:02+08:00,Tsing Yi,,,41.0,70.0,,,external_hko_20250907
2025-09-07T17:49:02+00:00,2025-09-08T01:49:02+08:00,Tuen Mun,,,31.0,58.0,,,external_hko_20250907
2025-09-07T17:49:02+00:00,2025-09-08T01:49:02+08:00,Waglan Island,,,80.0,93.0,,,external_hko_20250907
2025-09-07T17:49:02+00:00,2025-09-08T01:49:02+08:00,Wetland Park,,,10.0,32.0,,,external_hko_20250907
2025-09-07T17:49:02+00:00,2025-09-08T01:49:02+08:00,Wong Chuk Hang,,,21.0,45.0,,,external_hko_20250907
2025-09-07T17:59:21+00:00,2025-09-08T01:59:21+08:00,Central Pier,,,29.0,59.0,,,external_hko_20250907
2025-09-07T17:59:21+00:00,2025-09-08T01:59:21+08:00,Chek Lap Kok,,,35.0,51.0,,,external_hko_20250907
2025-09-07T17:59:21+00:00,2025-09-08T01:59:21+08:00,Cheung Chau,,,66.0,96.0,,,external_hko_20250907
2025-09-07T17:59:21+00:00,2025-09-08T01:59:21+08:00,Cheung Chau Beach,,,30.0,57.0,,,external_hko_20250907
2025-09-07T17:59:21+00:00,2025-09-08T01:59:21+08:00,Green Island,,,63.0,97.0,,,external_hko_20250907
2025-09-07T17:59:21+00:00,2025-09-08T01:59:21+08:00,Hong Kong Sea School,,,11.0,33.0,,,external_hko_20250907
2025-09-07T17:59:21+00:00,2025-09-08T01:59:21+08:00,Kai Tak,,,46.0,75.0,,,external_hko_20250907
2025-09-07T17:59:21+00:00,2025-09-08T01:59:21+08:00,King's Park,,,22.0,51.0,,,external_hko_20250907
2025-09-07T17:59:21+00:00,2025-09-08T01:59:21+08:00,Lamma Island,,,39.0,69.0,,,external_hko_20250907
2025-09-07T17:59:21+00:00,2025-09-08T01:59:21+08:00,Lau Fau Shan,,,33.0,49.0,,,external_hko_20250907
2025-09-07T17:59:21+00:00,2025-09-08T01:59:21+08:00,Ngong Ping,,,73.0,114.0,,,external_hko_20250907
2025-09-07T17:59:21+00:00,2025-09-08T01:59:21+08:00,North Point,,,17.0,48.0,,,external_hko_20250907
2025-09-07T17:59:21+00:00,2025-09-08T01:59:21+08:00,Peng Chau,,,46.0,77.0,,,external_hko_20250907
2025-09-07T17:59:21+00:00,2025-09-08T01:59:21+08:00,Sai Kung,,,59.0,81.0,,,external_hko_20250907
2025-09-07T17:59:21+00:00,2025-09-08T01:59:21+08:00,Sha Chau,,,45.0,60.0,,,external_hko_20250907
2025-09-07T17:59:21+00:00,2025-09-08T01:59:21+08:00,Sha Tin,,,24.0,50.0,,,external_hko_20250907
2025-09-07T17:59:21+00:00,2025-09-08T01:59:21+08:00,Shek Kong,,,10.0,32.0,,,external_hko_20250907
2025-09-07T17:59:21+00:00,2025-09-08T01:59:21+08:00,Stanley,,,55.0,75.0,,,external_hko_20250907
2025-09-07T17:59:21+00:00,2025-09-08T01:59:21+08:00,Star Ferry,,,46.0,77.0,,,external_hko_20250907
2025-09-07T17:59:21+00:00,2025-09-08T01:59:21+08:00,Ta Kwu Ling,,,23.0,63.0,,,external_hko_20250907
2025-09-07T17:59:21+00:00,2025-09-08T01:59:21+08:00,Tai Mei Tuk,,,19.0,66.0,,,external_hko_20250907
2025-09-07T17:59:21+00:00,2025-09-08T01:59:21+08:00,Tai Po Kau,,,39.0,70.0,,,external_hko_20250907
2025-09-07T17:59:21+00:00,2025-09-08T01:59:21+08:00,Tap Mun,,,54.0,91.0,,,external_hko_20250907
2025-09-07T17:59:21+00:00,2025-09-08T01:59:21+08:00,Tate's Cairn,,,66.0,95.0,,,external_hko_20250907
2025-09-07T17:59:21+00:00,2025-09-08T01:59:21+08:00,Tseung Kwan O,,,12.0,35.0,,,external_hko_20250907
2025-09-07T17:59:21+00:00,2025-09-08T01:59:21+08:00,Tsing Yi,,,41.0,59.0,,,external_hko_20250907
2025-09-07T17:59:21+00:00,2025-09-08T01:59:21+08:00,Tuen Mun,,,26.0,59.0,,,external_hko_20250907
2025-09-07T17:59:21+00:00,2025-09-08T01:59:21+08:00,Waglan Island,,,66.0,85.0,,,external_hko_20250907
2025-09-07T17:59:21+00:00,2025-09-08T01:59:21+08:00,Wetland Park,,,12.0,40.0,,,external_hko_20250907
2025-09-07T17:59:21+00:00,2025-09-08T01:59:21+08:00,Wong Chuk Hang,,,21.0,51.0,,,external_hko_20250907